date,ndvi,ndvi_clim,ndvi_anomaly
2000-02-01,0.24859323677083495,0.21683966589730116,0.03175357087353378
2000-03-01,0.2659629746100208,0.22515498259054706,0.040807992019473716
2000-04-01,0.27316212489467745,0.23122384282308484,0.041938282071592614
2000-05-01,0.24591438276259092,0.22366001665886692,0.022254366103724
2000-06-01,0.22107785124656731,0.2132370825824525,0.007840768664114817
2000-07-01,0.20647250755820284,0.20291293910366867,0.0035595684545341733
2000-08-01,0.19654471908468435,0.1938740543215922,0.002670664763092162
2000-09-01,0.1884889341702489,0.18526838685766894,0.003220547312579952
2000-10-01,0.18763754152694248,0.17622321699816418,0.011414324528778302
2000-11-01,0.17488084451055072,0.17174238007994094,0.0031384644306097775
2000-12-01,0.1793700955972337,0.1758335230714891,0.0035365725257445746
2001-01-01,0.1745858805874657,0.1913749575102092,-0.01678907692274348
2001-02-01,0.17848352694245873,0.21683966589730116,-0.03835613895484244
2001-03-01,0.18941044795734968,0.22515498259054706,-0.03574453463319738
2001-04-01,0.24486946938055112,0.23122384282308484,0.01364562655746629
2001-05-01,0.2665156842702418,0.22366001665886692,0.04285566761137488
2001-06-01,0.2564736847418383,0.2132370825824525,0.043236602159385795
2001-07-01,0.22558511176869625,0.20291293910366867,0.02267217266502758
2001-08-01,0.21044698603869993,0.1938740543215922,0.016572931717107747
2001-09-01,0.20795558480402274,0.18526838685766894,0.022687197946353793
2001-10-01,0.20334848272016184,0.17622321699816418,0.027125265721997666
2001-11-01,0.20378640453369473,0.17174238007994094,0.03204402445375379
2001-12-01,0.2122905460592193,0.1758335230714891,0.03645702298773018
2002-01-01,0.1968216260958347,0.1913749575102092,0.005446668585625508
2002-02-01,0.20752916721541992,0.21683966589730116,-0.009310498681881246
2002-03-01,0.23069726848049774,0.22515498259054706,0.005542285889950677
2002-04-01,0.22603936539171843,0.23122384282308484,-0.005184477431366408
2002-05-01,0.20667370306854024,0.22366001665886692,-0.01698631359032668
2002-06-01,0.20819253973219604,0.2132370825824525,-0.0050445428502564615
2002-07-01,0.20219499828243861,0.20291293910366867,-0.0007179408212300564
2002-08-01,0.19809841445956497,0.1938740543215922,0.004224360137972782
2002-09-01,0.1976515231557566,0.18526838685766894,0.012383136298087655
2002-10-01,0.18580606530552757,0.17622321699816418,0.00958284830736339
2002-11-01,0.17197372483073123,0.17174238007994094,0.0002313447507902855
2002-12-01,0.1778474507887221,0.1758335230714891,0.002013927717232994
2003-01-01,0.18462602224655192,0.1913749575102092,-0.006748935263657274
2003-02-01,0.20033801828413714,0.21683966589730116,-0.016501647613164028
2003-03-01,0.19709298337538153,0.22515498259054706,-0.02806199921516553
2003-04-01,0.20571442183475624,0.23122384282308484,-0.02550942098832859
2003-05-01,0.20143870424164873,0.22366001665886692,-0.022221312417218197
2003-06-01,0.190311684710234,0.2132370825824525,-0.022925397872218506
2003-07-01,0.17690335041792607,0.20291293910366867,-0.026009588685742602
2003-08-01,0.17049539792190108,0.1938740543215922,-0.02337865639969111
2003-09-01,0.16747504737671146,0.18526838685766894,-0.017793339480957487
2003-10-01,0.1599402987929219,0.17622321699816418,-0.016282918205242275
2003-11-01,0.15740201925366784,0.17174238007994094,-0.014340360826273102
2003-12-01,0.16486834276790935,0.1758335230714891,-0.010965180303579763
2004-01-01,0.17602718351452773,0.1913749575102092,-0.015347773995681463
2004-02-01,0.19923732219048304,0.21683966589730116,-0.017602343706818124
2004-03-01,0.21377838442999406,0.22515498259054706,-0.011376598160553003
2004-04-01,0.22652005345095888,0.23122384282308484,-0.004703789372125955
2004-05-01,0.2149501007535792,0.22366001665886692,-0.008709915905287718
2004-06-01,0.2025285895211321,0.2132370825824525,-0.010708493061320407
2004-07-01,0.1918006330910046,0.20291293910366867,-0.01111230601266408
2004-08-01,0.18349518378240243,0.1938740543215922,-0.01037887053918976
2004-09-01,0.17294463070123767,0.18526838685766894,-0.012323756156431276
2004-10-01,0.16962135157357486,0.17622321699816418,-0.0066018654245893205
2004-11-01,0.16931335088449018,0.17174238007994094,-0.002429029195450766
2004-12-01,0.16497443312350046,0.1758335230714891,-0.010859089947988648
2005-01-01,0.17481910917956361,0.1913749575102092,-0.01655584833064558
2005-02-01,0.19835446782107416,0.21683966589730116,-0.018485198076227005
2005-03-01,0.21121063959284872,0.22515498259054706,-0.013944342997698339
2005-04-01,0.2298811493689652,0.23122384282308484,-0.0013426934541196367
2005-05-01,0.22675687545026277,0.22366001665886692,0.0030968587913958456
2005-06-01,0.22202858886625523,0.2132370825824525,0.008791506283802736
2005-07-01,0.20424333903199574,0.20291293910366867,0.001330399928327064
2005-08-01,0.18921712487023903,0.1938740543215922,-0.004656929451353153
2005-09-01,0.17669307043075164,0.18526838685766894,-0.008575316426917307
2005-10-01,0.16558351419219935,0.17622321699816418,-0.010639702805964824
2005-11-01,0.16421071182519706,0.17174238007994094,-0.007531668254743884
2005-12-01,0.163176759834187,0.1758335230714891,-0.01265676323730211
2006-01-01,0.19358731521118033,0.1913749575102092,0.0022123577009711404
2006-02-01,0.2575563739915383,0.21683966589730116,0.040716708094237136
2006-03-01,0.25670140500802385,0.22515498259054706,0.031546422417476794
2006-04-01,0.24597292160527187,0.23122384282308484,0.014749078782187036
2006-05-01,0.24054091334888877,0.22366001665886692,0.01688089669002185
2006-06-01,0.23729500395725842,0.2132370825824525,0.02405792137480592
2006-07-01,0.23521942434390744,0.20291293910366867,0.03230648524023877
2006-08-01,0.2237112941732537,0.1938740543215922,0.029837239851661507
2006-09-01,0.2137628340320178,0.18526838685766894,0.028494447174348847
2006-10-01,0.2007078455493754,0.17622321699816418,0.024484628551211224
2006-11-01,0.18982925098341374,0.17174238007994094,0.0180868709034728
2006-12-01,0.18220659127578503,0.1758335230714891,0.006373068204295923
2007-01-01,0.1812743554440162,0.1913749575102092,-0.010100602066192982
2007-02-01,0.1873876566302565,0.21683966589730116,-0.029452009267044665
2007-03-01,0.18806234489240367,0.22515498259054706,-0.03709263769814339
2007-04-01,0.20364996920778053,0.23122384282308484,-0.027573873615304306
2007-05-01,0.20461125339518962,0.22366001665886692,-0.0190487632636773
2007-06-01,0.1974805642046046,0.2132370825824525,-0.01575651837784789
2007-07-01,0.1915882684069628,0.20291293910366867,-0.011324670696705869
2007-08-01,0.18823291117822863,0.1938740543215922,-0.005641143143363558
2007-09-01,0.179031599738861,0.18526838685766894,-0.006236787118807929
2007-10-01,0.17520696286859969,0.17622321699816418,-0.0010162541295644922
2007-11-01,0.18574327049348577,0.17174238007994094,0.014000890413544825
2007-12-01,0.19095724575215187,0.1758335230714891,0.015123722680662754
2008-01-01,0.21609663027633202,0.1913749575102092,0.024721672766122832
2008-02-01,0.225702861553254,0.21683966589730116,0.008863195655952838
2008-03-01,0.24129018890215648,0.22515498259054706,0.016135206311609418
2008-04-01,0.22419029219928693,0.23122384282308484,-0.007033550623797902
2008-05-01,0.214278174412132,0.22366001665886692,-0.009381842246734912
2008-06-01,0.21419126064976185,0.2132370825824525,0.0009541780673093525
2008-07-01,0.21014401526621596,0.20291293910366867,0.007231076162547284
2008-08-01,0.20470508714530466,0.1938740543215922,0.010831032823712478
2008-09-01,0.19474296407365227,0.18526838685766894,0.009474577215983326
2008-10-01,0.17958266027613107,0.17622321699816418,0.0033594432779668892
2008-11-01,0.1682805349319214,0.17174238007994094,-0.0034618451480195322
2008-12-01,0.17354008267815968,0.1758335230714891,-0.0022934403933294323
2009-01-01,0.1715735954917536,0.1913749575102092,-0.019801362018455587
2009-02-01,0.2031541995542322,0.21683966589730116,-0.01368546634306897
2009-03-01,0.24547666979756005,0.22515498259054706,0.020321687207012995
2009-04-01,0.2310084705839253,0.23122384282308484,-0.00021537223915954473
2009-05-01,0.22359348844723387,0.22366001665886692,-6.652821163305456e-05
2009-06-01,0.21504476032737135,0.2132370825824525,0.0018076777449188564
2009-07-01,0.20738081136452097,0.20291293910366867,0.004467872260852296
2009-08-01,0.19788898307699537,0.1938740543215922,0.004014928755403185
2009-09-01,0.18377764868345972,0.18526838685766894,-0.0014907381742092218
2009-10-01,0.17557386056816898,0.17622321699816418,-0.0006493564299951959
2009-11-01,0.17679723468541067,0.17174238007994094,0.005054854605469727
2009-12-01,0.17043609292716874,0.1758335230714891,-0.00539743014432037
2010-01-01,0.1919842102267159,0.1913749575102092,0.0006092527165067196
2010-02-01,0.2140167273280653,0.21683966589730116,-0.0028229385692358777
2010-03-01,0.24199398426174232,0.22515498259054706,0.01683900167119526
2010-04-01,0.2417336015506153,0.23122384282308484,0.01050975872753046
2010-05-01,0.22453341643866712,0.22366001665886692,0.0008733997798001936
2010-06-01,0.2114590191275533,0.2132370825824525,-0.001778063454899198
2010-07-01,0.19782881112541797,0.20291293910366867,-0.0050841279782506965
2010-08-01,0.18547444320610298,0.1938740543215922,-0.008399611115489203
2010-09-01,0.1774963799021047,0.18526838685766894,-0.007772006955564237
2010-10-01,0.1701993839886748,0.17622321699816418,-0.006023833009489388
2010-11-01,0.16054155318845775,0.17174238007994094,-0.01120082689148319
2010-12-01,0.17026280027176321,0.1758335230714891,-0.005570722799725897
2011-01-01,0.2252985836778274,0.1913749575102092,0.03392362616761821
2011-02-01,0.2837063577866626,0.21683966589730116,0.06686669188936142
2011-03-01,0.28238887733072193,0.22515498259054706,0.05723389474017487
2011-04-01,0.2673088251796323,0.23122384282308484,0.036084982356547446
2011-05-01,0.24829273007783645,0.22366001665886692,0.024632713418969526
2011-06-01,0.23862915047790162,0.2132370825824525,0.025392067895449122
2011-07-01,0.22487889049722332,0.20291293910366867,0.021965951393554645
2011-08-01,0.21566177963690994,0.1938740543215922,0.021787725315317752
2011-09-01,0.2066189272485267,0.18526838685766894,0.021350540390857764
2011-10-01,0.19638993520052803,0.17622321699816418,0.020166718202363848
2011-11-01,0.1812900727176675,0.17174238007994094,0.009547692637726563
2011-12-01,0.18249943308657018,0.1758335230714891,0.006665910015081072
2012-01-01,0.1916321808623745,0.1913749575102092,0.0002572233521652978
2012-02-01,0.2252036251795688,0.21683966589730116,0.00836395928226763
2012-03-01,0.22114460059022642,0.22515498259054706,-0.004010382000320639
2012-04-01,0.23029417013774842,0.23122384282308484,-0.000929672685336419
2012-05-01,0.23094005073046392,0.22366001665886692,0.007280034071596997
2012-06-01,0.21467177864104353,0.2132370825824525,0.001434696058591034
2012-07-01,0.20670041963133268,0.20291293910366867,0.0037874805276640056
2012-08-01,0.19629954843653524,0.1938740543215922,0.0024254941149430553
2012-09-01,0.18814016894655647,0.18526838685766894,0.0028717820888875256
2012-10-01,0.18009163231108488,0.17622321699816418,0.0038684153129207033
2012-11-01,0.17345764746092077,0.17174238007994094,0.0017152673809798236
2012-12-01,0.19362530600949043,0.1758335230714891,0.01779178293800132
2013-01-01,0.20810538981126972,0.1913749575102092,0.016730432301060527
2013-02-01,0.1983909580451703,0.21683966589730116,-0.018448707852130874
2013-03-01,0.18975021970956638,0.22515498259054706,-0.035404762880980684
2013-04-01,0.20909446116718802,0.23122384282308484,-0.022129381655896813
2013-05-01,0.22551134140073384,0.22366001665886692,0.0018513247418669165
2013-06-01,0.22105916613275464,0.2132370825824525,0.007822083550302145
2013-07-01,0.21128007134552532,0.20291293910366867,0.008367132241856645
2013-08-01,0.19728691632655457,0.1938740543215922,0.0034128620049623803
2013-09-01,0.18526304089269136,0.18526838685766894,-5.345964977587769e-06
2013-10-01,0.17102557216571188,0.17622321699816418,-0.005197644832452303
2013-11-01,0.16664244269746598,0.17174238007994094,-0.005099937382474967
2013-12-01,0.17523140266652648,0.1758335230714891,-0.0006021204049626305
2014-01-01,0.1901032197148353,0.1913749575102092,-0.0012717377953739006
2014-02-01,0.21783123412860028,0.21683966589730116,0.000991568231299117
2014-03-01,0.23636699751724896,0.22515498259054706,0.011212014926701902
2014-04-01,0.23384439534238974,0.23122384282308484,0.002620552519304903
2014-05-01,0.22379632938656624,0.22366001665886692,0.00013631272769931702
2014-06-01,0.20980895488988427,0.2132370825824525,-0.003428127692568228
2014-07-01,0.19955899642706953,0.20291293910366867,-0.0033539426765991365
2014-08-01,0.19250484336904838,0.1938740543215922,-0.0013692109525438034
2014-09-01,0.18140197967312474,0.18526838685766894,-0.0038664071845442016
2014-10-01,0.16922235394431961,0.17622321699816418,-0.007000863053844564
2014-11-01,0.17439938110510123,0.17174238007994094,0.0026570010251602827
2014-12-01,0.18538024897585276,0.1758335230714891,0.009546725904363645
2015-01-01,0.1815405448366908,0.1913749575102092,-0.009834412673518395
2015-02-01,0.17941168930689927,0.21683966589730116,-0.037427976590401896
2015-03-01,0.1899365154538122,0.22515498259054706,-0.03521846713673485
2015-04-01,0.21356476668299706,0.23122384282308484,-0.01765907614008777
2015-05-01,0.20427609209366476,0.22366001665886692,-0.01938392456520216
2015-06-01,0.19935441929951747,0.2132370825824525,-0.013882663282935026
2015-07-01,0.19889145951756293,0.20291293910366867,-0.004021479586105742
2015-08-01,0.19428642611210245,0.1938740543215922,0.00041237179051026307
2015-09-01,0.18678895761956235,0.18526838685766894,0.0015205707618934083
2015-10-01,0.17142464802958984,0.17622321699816418,-0.004798568968574335
2015-11-01,0.15904438562708606,0.17174238007994094,-0.012697994452854883
2015-12-01,0.1532196613436257,0.1758335230714891,-0.02261386172786342
2016-01-01,0.16212188911084544,0.1913749575102092,-0.029253068399363757
2016-02-01,0.19400006033818817,0.21683966589730116,-0.02283960555911299
2016-03-01,0.20470013273638987,0.22515498259054706,-0.020454849854157187
2016-04-01,0.2194902579115938,0.23122384282308484,-0.01173358491149104
2016-05-01,0.22652415499839298,0.22366001665886692,0.0028641383395260622
2016-06-01,0.21834449255896327,0.2132370825824525,0.005107409976510768
2016-07-01,0.20362234567292525,0.20291293910366867,0.0007094065692565821
2016-08-01,0.19536671689776863,0.1938740543215922,0.0014926625761764456
2016-09-01,0.1852765367978025,0.18526838685766894,8.14994013356718e-06
2016-10-01,0.17247736790439763,0.17622321699816418,-0.0037458490937665456
2016-11-01,0.16141918465349353,0.17174238007994094,-0.010323195426447412
2016-12-01,0.15802779780284795,0.1758335230714891,-0.01780572526864116
2017-01-01,0.18828828704733913,0.1913749575102092,-0.0030866704628700614
2017-02-01,0.2570776766803886,0.21683966589730116,0.04023801078308745
2017-03-01,0.25463281022272083,0.22515498259054706,0.02947782763217377
2017-04-01,0.23646701440367612,0.23122384282308484,0.005243171580591288
2017-05-01,0.21696847001591582,0.22366001665886692,-0.006691546642951102
2017-06-01,0.19869772173896263,0.2132370825824525,-0.014539360843489862
2017-07-01,0.1883490595573751,0.20291293910366867,-0.014563879546293568
2017-08-01,0.17693170463911628,0.1938740543215922,-0.016942349682475905
2017-09-01,0.16882613042428957,0.18526838685766894,-0.016442256433379376
2017-10-01,0.16420073580993919,0.17622321699816418,-0.012022481188224993
2017-11-01,0.15896562566077355,0.17174238007994094,-0.012776754419167397
2017-12-01,0.1583187833985849,0.1758335230714891,-0.017514739672904206
2018-01-01,0.16029216480706504,0.1913749575102092,-0.031082792703144152
2018-02-01,0.19320941906687453,0.21683966589730116,-0.023630246830426638
2018-03-01,0.20524511738623133,0.22515498259054706,-0.01990986520431573
2018-04-01,0.22961477936750693,0.23122384282308484,-0.0016090634555779026
2018-05-01,0.23294178811685284,0.22366001665886692,0.009281771457985921
2018-06-01,0.21920666551512497,0.2132370825824525,0.005969582932672468
2018-07-01,0.2055434892789257,0.20291293910366867,0.0026305501752570404
2018-08-01,0.1894559333053401,0.1938740543215922,-0.00441812101625208
2018-09-01,0.1787148401840916,0.18526838685766894,-0.006553546673577354
2018-10-01,0.1661398460408869,0.17622321699816418,-0.010083370957277266
2018-11-01,0.1555888210290847,0.17174238007994094,-0.016153559050856248
2018-12-01,0.15224934387061015,0.1758335230714891,-0.023584179200878963
2019-01-01,0.15332112369001108,0.1913749575102092,-0.03805383382019811
2019-02-01,0.17852487866458425,0.21683966589730116,-0.03831478723271692
2019-03-01,0.1906285230090882,0.22515498259054706,-0.03452645958145886
2019-04-01,0.19898524308546137,0.23122384282308484,-0.03223859973762347
2019-05-01,0.2020033738582816,0.22366001665886692,-0.021656642800585324
2019-06-01,0.19181020125955445,0.2132370825824525,-0.02142688132289805
2019-07-01,0.1787837241356787,0.20291293910366867,-0.024129214967989976
2019-08-01,0.17181106374886623,0.1938740543215922,-0.022062990572725955
2019-09-01,0.1646755147439879,0.18526838685766894,-0.02059287211368105
2019-10-01,0.15514437058862512,0.17622321699816418,-0.021078846409539054
2019-11-01,0.14917888907798713,0.17174238007994094,-0.022563491001953817
2019-12-01,0.15078612719993145,0.1758335230714891,-0.02504739587155766
2020-01-01,0.1737569515663834,0.1913749575102092,-0.017618005943825787
2020-02-01,0.20655584494438764,0.21683966589730116,-0.010283820952913525
2020-03-01,0.2355338041378205,0.22515498259054706,0.010378821547273431
2020-04-01,0.22926754463186144,0.23122384282308484,-0.0019562981912233934
2020-05-01,0.20917642931448768,0.22366001665886692,-0.01448358734437924
2020-06-01,0.193055066743802,0.2132370825824525,-0.020182015838650508
2020-07-01,0.1851812916341812,0.20291293910366867,-0.017731647469487466
2020-08-01,0.1791136862162377,0.1938740543215922,-0.014760368105354499
2020-09-01,0.17407026607596573,0.18526838685766894,-0.011198120781703208
2020-10-01,0.16532426185468238,0.17622321699816418,-0.010898955143481798
2020-11-01,0.1667060443827372,0.17174238007994094,-0.005036335697203742
2020-12-01,0.17759982439743377,0.1758335230714891,0.001766301325944658
2021-01-01,0.2304428465764394,0.1913749575102092,0.03906788906623021
2021-02-01,0.24241845155960978,0.21683966589730116,0.025578785662308617
2021-03-01,0.2298094544530733,0.22515498259054706,0.004654471862526238
2021-04-01,0.22520445926403965,0.23122384282308484,-0.006019383559045188
2021-05-01,0.20437489348064922,0.22366001665886692,-0.019285123178217706
2021-06-01,0.1940122936135352,0.2132370825824525,-0.0192247889689173
2021-07-01,0.18620492522330045,0.20291293910366867,-0.016708013880368217
2021-08-01,0.17902433881059157,0.1938740543215922,-0.014849715511000616
2021-09-01,0.17297426085555245,0.18526838685766894,-0.01229412600211649
2021-10-01,0.1640153715420946,0.17622321699816418,-0.012207845456069566
2021-11-01,0.17563871990309837,0.17174238007994094,0.0038963398231574298
2021-12-01,0.21199428599797285,0.1758335230714891,0.036160762926483736
2022-01-01,0.23996520524138024,0.1913749575102092,0.04859024773117104
2022-02-01,0.2795960987356271,0.21683966589730116,0.06275643283832591
2022-03-01,0.27410225498998425,0.22515498259054706,0.04894727239943719
2022-04-01,0.2764537245732962,0.23122384282308484,0.045229881750211365
2022-05-01,0.24736277867385925,0.22366001665886692,0.02370276201499233
2022-06-01,0.22000515386263234,0.2132370825824525,0.006768071280179838
2022-07-01,0.21021580487653937,0.20291293910366867,0.007302865772870704
2022-08-01,0.20495823647044265,0.1938740543215922,0.011084182148850458
2022-09-01,0.20032064290670465,0.18526838685766894,0.015052256049035706
2022-10-01,0.19606299576775904,0.17622321699816418,0.019839778769594862
2022-11-01,0.2017063628232461,0.17174238007994094,0.029963982743305168
2022-12-01,0.21121404945861325,0.1758335230714891,0.035380526387124134
2023-01-01,0.22512932403775548,0.1913749575102092,0.03375436652754629
2023-02-01,0.23131974458328128,0.21683966589730116,0.014480078685980113
2023-03-01,0.23156355848565865,0.22515498259054706,0.006408575895111596
2023-04-01,0.2236066287121268,0.23122384282308484,-0.007617214110958032
2023-05-01,0.20845785036388156,0.22366001665886692,-0.015202166294985359
2023-06-01,0.20783141280062634,0.2132370825824525,-0.005405669781826161
2023-07-01,0.2055095364981412,0.20291293910366867,0.0025965973944725163
2023-08-01,0.20238719298671845,0.1938740543215922,0.008513138665126263
2023-09-01,0.18964190374933368,0.18526838685766894,0.004373516891664736
2023-10-01,0.18482250013418153,0.17622321699816418,0.00859928313601735
2023-11-01,0.17731855559549334,0.17174238007994094,0.005576175515552395
2023-12-01,0.16952095147086693,0.1758335230714891,-0.00631257160062218
2024-01-01,0.2016053409908621,0.1913749575102092,0.010230383480652916
2024-02-01,0.21339205013093165,0.21683966589730116,-0.0034476157663695106
2024-03-01,0.2013944074331545,0.22515498259054706,-0.02376057515739255
2024-04-01,0.23465796064909597,0.23122384282308484,0.003434117826011135
2024-05-01,0.24106743737111166,0.22366001665886692,0.017407420712244742
2024-06-01,0.22835703994223752,0.2132370825824525,0.015119957359785025
2024-07-01,0.2187421926386465,0.20291293910366867,0.015829253534977827
2024-08-01,0.20345242614619563,0.1938740543215922,0.009578371824603443
2024-09-01,0.1889762842547094,0.18526838685766894,0.003707897397040444
2024-10-01,0.17603086629802564,0.17622321699816418,-0.00019235070013853828
2024-11-01,0.16944446914334754,0.17174238007994094,-0.0022979109365934003
2024-12-01,0.16624042003250056,0.1758335230714891,-0.009593103038988554
