date,ndvi
2000-02-01,0.24859323677083495
2000-03-01,0.2659629746100208
2000-04-01,0.27316212489467745
2000-05-01,0.24591438276259092
2000-06-01,0.22107785124656731
2000-07-01,0.20647250755820284
2000-08-01,0.19654471908468435
2000-09-01,0.1884889341702489
2000-10-01,0.18763754152694248
2000-11-01,0.17488084451055072
2000-12-01,0.1793700955972337
2001-01-01,0.1745858805874657
2001-02-01,0.17848352694245873
2001-03-01,0.18941044795734968
2001-04-01,0.24486946938055112
2001-05-01,0.2665156842702418
2001-06-01,0.2564736847418383
2001-07-01,0.22558511176869625
2001-08-01,0.21044698603869993
2001-09-01,0.20795558480402274
2001-10-01,0.20334848272016184
2001-11-01,0.20378640453369473
2001-12-01,0.2122905460592193
2002-01-01,0.1968216260958347
2002-02-01,0.20752916721541992
2002-03-01,0.23069726848049774
2002-04-01,0.22603936539171843
2002-05-01,0.20667370306854024
2002-06-01,0.20819253973219604
2002-07-01,0.20219499828243861
2002-08-01,0.19809841445956497
2002-09-01,0.1976515231557566
2002-10-01,0.18580606530552757
2002-11-01,0.17197372483073123
2002-12-01,0.1778474507887221
2003-01-01,0.18462602224655192
2003-02-01,0.20033801828413714
2003-03-01,0.19709298337538153
2003-04-01,0.20571442183475624
2003-05-01,0.20143870424164873
2003-06-01,0.190311684710234
2003-07-01,0.17690335041792607
2003-08-01,0.17049539792190108
2003-09-01,0.16747504737671146
2003-10-01,0.1599402987929219
2003-11-01,0.15740201925366784
2003-12-01,0.16486834276790935
2004-01-01,0.17602718351452773
2004-02-01,0.19923732219048304
2004-03-01,0.21377838442999406
2004-04-01,0.22652005345095888
2004-05-01,0.2149501007535792
2004-06-01,0.2025285895211321
2004-07-01,0.1918006330910046
2004-08-01,0.18349518378240243
2004-09-01,0.17294463070123767
2004-10-01,0.16962135157357486
2004-11-01,0.16931335088449018
2004-12-01,0.16497443312350046
2005-01-01,0.17481910917956361
2005-02-01,0.19835446782107416
2005-03-01,0.21121063959284872
2005-04-01,0.2298811493689652
2005-05-01,0.22675687545026277
2005-06-01,0.22202858886625523
2005-07-01,0.20424333903199574
2005-08-01,0.18921712487023903
2005-09-01,0.17669307043075164
2005-10-01,0.16558351419219935
2005-11-01,0.16421071182519706
2005-12-01,0.163176759834187
2006-01-01,0.19358731521118033
2006-02-01,0.2575563739915383
2006-03-01,0.25670140500802385
2006-04-01,0.24597292160527187
2006-05-01,0.24054091334888877
2006-06-01,0.23729500395725842
2006-07-01,0.23521942434390744
2006-08-01,0.2237112941732537
2006-09-01,0.2137628340320178
2006-10-01,0.2007078455493754
2006-11-01,0.18982925098341374
2006-12-01,0.18220659127578503
2007-01-01,0.1812743554440162
2007-02-01,0.1873876566302565
2007-03-01,0.18806234489240367
2007-04-01,0.20364996920778053
2007-05-01,0.20461125339518962
2007-06-01,0.1974805642046046
2007-07-01,0.1915882684069628
2007-08-01,0.18823291117822863
2007-09-01,0.179031599738861
2007-10-01,0.17520696286859969
2007-11-01,0.18574327049348577
2007-12-01,0.19095724575215187
2008-01-01,0.21609663027633202
2008-02-01,0.225702861553254
2008-03-01,0.24129018890215648
2008-04-01,0.22419029219928693
2008-05-01,0.214278174412132
2008-06-01,0.21419126064976185
2008-07-01,0.21014401526621596
2008-08-01,0.20470508714530466
2008-09-01,0.19474296407365227
2008-10-01,0.17958266027613107
2008-11-01,0.1682805349319214
2008-12-01,0.17354008267815968
2009-01-01,0.1715735954917536
2009-02-01,0.2031541995542322
2009-03-01,0.24547666979756005
2009-04-01,0.2310084705839253
2009-05-01,0.22359348844723387
2009-06-01,0.21504476032737135
2009-07-01,0.20738081136452097
2009-08-01,0.19788898307699537
2009-09-01,0.18377764868345972
2009-10-01,0.17557386056816898
2009-11-01,0.17679723468541067
2009-12-01,0.17043609292716874
2010-01-01,0.1919842102267159
2010-02-01,0.2140167273280653
2010-03-01,0.24199398426174232
2010-04-01,0.2417336015506153
2010-05-01,0.22453341643866712
2010-06-01,0.2114590191275533
2010-07-01,0.19782881112541797
2010-08-01,0.18547444320610298
2010-09-01,0.1774963799021047
2010-10-01,0.1701993839886748
2010-11-01,0.16054155318845775
2010-12-01,0.17026280027176321
2011-01-01,0.2252985836778274
2011-02-01,0.2837063577866626
2011-03-01,0.28238887733072193
2011-04-01,0.2673088251796323
2011-05-01,0.24829273007783645
2011-06-01,0.23862915047790162
2011-07-01,0.22487889049722332
2011-08-01,0.21566177963690994
2011-09-01,0.2066189272485267
2011-10-01,0.19638993520052803
2011-11-01,0.1812900727176675
2011-12-01,0.18249943308657018
2012-01-01,0.1916321808623745
2012-02-01,0.2252036251795688
2012-03-01,0.22114460059022642
2012-04-01,0.23029417013774842
2012-05-01,0.23094005073046392
2012-06-01,0.21467177864104353
2012-07-01,0.20670041963133268
2012-08-01,0.19629954843653524
2012-09-01,0.18814016894655647
2012-10-01,0.18009163231108488
2012-11-01,0.17345764746092077
2012-12-01,0.19362530600949043
2013-01-01,0.20810538981126972
2013-02-01,0.1983909580451703
2013-03-01,0.18975021970956638
2013-04-01,0.20909446116718802
2013-05-01,0.22551134140073384
2013-06-01,0.22105916613275464
2013-07-01,0.21128007134552532
2013-08-01,0.19728691632655457
2013-09-01,0.18526304089269136
2013-10-01,0.17102557216571188
2013-11-01,0.16664244269746598
2013-12-01,0.17523140266652648
2014-01-01,0.1901032197148353
2014-02-01,0.21783123412860028
2014-03-01,0.23636699751724896
2014-04-01,0.23384439534238974
2014-05-01,0.22379632938656624
2014-06-01,0.20980895488988427
2014-07-01,0.19955899642706953
2014-08-01,0.19250484336904838
2014-09-01,0.18140197967312474
2014-10-01,0.16922235394431961
2014-11-01,0.17439938110510123
2014-12-01,0.18538024897585276
2015-01-01,0.1815405448366908
2015-02-01,0.17941168930689927
2015-03-01,0.1899365154538122
2015-04-01,0.21356476668299706
2015-05-01,0.20427609209366476
2015-06-01,0.19935441929951747
2015-07-01,0.19889145951756293
2015-08-01,0.19428642611210245
2015-09-01,0.18678895761956235
2015-10-01,0.17142464802958984
2015-11-01,0.15904438562708606
2015-12-01,0.1532196613436257
2016-01-01,0.16212188911084544
2016-02-01,0.19400006033818817
2016-03-01,0.20470013273638987
2016-04-01,0.2194902579115938
2016-05-01,0.22652415499839298
2016-06-01,0.21834449255896327
2016-07-01,0.20362234567292525
2016-08-01,0.19536671689776863
2016-09-01,0.1852765367978025
2016-10-01,0.17247736790439763
2016-11-01,0.16141918465349353
2016-12-01,0.15802779780284795
2017-01-01,0.18828828704733913
2017-02-01,0.2570776766803886
2017-03-01,0.25463281022272083
2017-04-01,0.23646701440367612
2017-05-01,0.21696847001591582
2017-06-01,0.19869772173896263
2017-07-01,0.1883490595573751
2017-08-01,0.17693170463911628
2017-09-01,0.16882613042428957
2017-10-01,0.16420073580993919
2017-11-01,0.15896562566077355
2017-12-01,0.1583187833985849
2018-01-01,0.16029216480706504
2018-02-01,0.19320941906687453
2018-03-01,0.20524511738623133
2018-04-01,0.22961477936750693
2018-05-01,0.23294178811685284
2018-06-01,0.21920666551512497
2018-07-01,0.2055434892789257
2018-08-01,0.1894559333053401
2018-09-01,0.1787148401840916
2018-10-01,0.1661398460408869
2018-11-01,0.1555888210290847
2018-12-01,0.15224934387061015
2019-01-01,0.15332112369001108
2019-02-01,0.17852487866458425
2019-03-01,0.1906285230090882
2019-04-01,0.19898524308546137
2019-05-01,0.2020033738582816
2019-06-01,0.19181020125955445
2019-07-01,0.1787837241356787
2019-08-01,0.17181106374886623
2019-09-01,0.1646755147439879
2019-10-01,0.15514437058862512
2019-11-01,0.14917888907798713
2019-12-01,0.15078612719993145
2020-01-01,0.1737569515663834
2020-02-01,0.20655584494438764
2020-03-01,0.2355338041378205
2020-04-01,0.22926754463186144
2020-05-01,0.20917642931448768
2020-06-01,0.193055066743802
2020-07-01,0.1851812916341812
2020-08-01,0.1791136862162377
2020-09-01,0.17407026607596573
2020-10-01,0.16532426185468238
2020-11-01,0.1667060443827372
2020-12-01,0.17759982439743377
2021-01-01,0.2304428465764394
2021-02-01,0.24241845155960978
2021-03-01,0.2298094544530733
2021-04-01,0.22520445926403965
2021-05-01,0.20437489348064922
2021-06-01,0.1940122936135352
2021-07-01,0.18620492522330045
2021-08-01,0.17902433881059157
2021-09-01,0.17297426085555245
2021-10-01,0.1640153715420946
2021-11-01,0.17563871990309837
2021-12-01,0.21199428599797285
2022-01-01,0.23996520524138024
2022-02-01,0.2795960987356271
2022-03-01,0.27410225498998425
2022-04-01,0.2764537245732962
2022-05-01,0.24736277867385925
2022-06-01,0.22000515386263234
2022-07-01,0.21021580487653937
2022-08-01,0.20495823647044265
2022-09-01,0.20032064290670465
2022-10-01,0.19606299576775904
2022-11-01,0.2017063628232461
2022-12-01,0.21121404945861325
2023-01-01,0.22512932403775548
2023-02-01,0.23131974458328128
2023-03-01,0.23156355848565865
2023-04-01,0.2236066287121268
2023-05-01,0.20845785036388156
2023-06-01,0.20783141280062634
2023-07-01,0.2055095364981412
2023-08-01,0.20238719298671845
2023-09-01,0.18964190374933368
2023-10-01,0.18482250013418153
2023-11-01,0.17731855559549334
2023-12-01,0.16952095147086693
2024-01-01,0.2016053409908621
2024-02-01,0.21339205013093165
2024-03-01,0.2013944074331545
2024-04-01,0.23465796064909597
2024-05-01,0.24106743737111166
2024-06-01,0.22835703994223752
2024-07-01,0.2187421926386465
2024-08-01,0.20345242614619563
2024-09-01,0.1889762842547094
2024-10-01,0.17603086629802564
2024-11-01,0.16944446914334754
2024-12-01,0.16624042003250056
